{
  "app": {
    "name": "OSharp Framework",
    "description": "一个开源的基于 .NETCORE 的快速开发框架"
  },
  "menu": [{
    "text": "导航菜单",
    "i18n": "menu.nav",
    "group": true,
    "hideInBreadcrumb": true,
    "children": [{
      "text": "主页",
      "i18n": "menu.nav.home",
      "icon": "anticon-dashboard",
      "link": "/dashboard",
      "acl": "Root.Admin.Dashboard"
    }]
  }, {
    "text": "业务模块",
    "i18n": "menu.nav.business",
    "group": true,
    "hideInBreadcrumb": true,
    "children": [{
      "text": "信息模块",
      "group": "true",
      "icon": "anticon-mail",
      "acl": "Root.Admin.Infos",
      "children": [{
        "text": "站内信管理",
        "link": "/infos/message",
        "acl": "Root.Admin.Infos.Message"
      }, {
        "text": "站内信接收记录管理",
        "link": "/infos/message-receive",
        "acl": "Root.Admin.Infos.MessageReceive"
      }, {
        "text": "站内信回复管理",
        "link": "/infos/message-reply",
        "acl": "Root.Admin.Infos.MessageReply"
      }]
    }]
  }, {
    "text": "权限模块",
    "i18n": "menu.nav.permission",
    "group": true,
    "hideInBreadcrumb": true,
    "children": [{
      "text": "身份认证",
      "i18n": "menu.nav.permission.identity",
      "group": true,
      "icon": "anticon-user",
      "acl": "Root.Admin.Identity",
      "children": [{
        "text": "用户信息管理",
        "i18n": "menu.nav.permission.identity.user",
        "link": "/identity/user",
        "acl": "Root.Admin.Identity.User"
      }, {
        "text": "角色信息管理",
        "i18n": "menu.nav.permission.identity.role",
        "link": "/identity/role",
        "acl": "Root.Admin.Identity.Role"
      }, {
        "text": "用户角色管理",
        "i18n": "menu.nav.permission.identity.user-role",
        "link": "/identity/user-role",
        "acl": "Root.Admin.Identity.UserRole"
      }]
    }, {
      "text": "权限安全",
      "i18n": "menu.nav.permission.auth",
      "group": true,
      "icon": "anticon-safety",
      "acl": "Root.Admin.Auth",
      "children": [{
        "text": "模块信息管理",
        "i18n": "menu.nav.permission.auth.module",
        "link": "/auth/module",
        "acl": "Root.Admin.Auth.Module"
      }, {
        "text": "功能信息管理",
        "i18n": "menu.nav.permission.auth.function",
        "link": "/auth/function",
        "acl": "Root.Admin.Auth.Function"
      }, {
        "text": "实体信息管理",
        "i18n": "menu.nav.permission.auth.entityinfo",
        "link": "/auth/entityinfo",
        "acl": "Root.Admin.Auth.EntityInfo"
      }, {
        "text": "数据权限管理",
        "i18n": "menu.nav.permission.auth.role-entityinfo",
        "link": "/auth/role-entityinfo",
        "acl": "Root.Admin.Auth.RoleEntity"
      }]
    }]
  }, {
    "text": "系统管理",
    "i18n": "menu.nav.system",
    "group": true,
    "children": [{
      "text": "系统管理",
      "i18n": "menu.nav.system.systems",
      "icon": "anticon-desktop",
      "acl": "Root.Admin.Systems",
      "group": true,
      "children": [{
        "text": "操作审计",
        "i18n": "menu.nav.system.systems.audit-operation",
        "link": "/systems/audit-operation",
        "acl": "Root.Admin.Systems.AuditOperation"
      }, {
        "text": "数据审计",
        "i18n": "menu.nav.system.systems.audit-entity",
        "link": "/systems/audit-entity",
        "acl": "Root.Admin.Systems.AuditEntity"
      }, {
        "text": "系统设置",
        "i18n": "menu.nav.system.systems.settings",
        "link": "/systems/settings",
        "acl": "Root.Admin.Systems.Settings"
      }, {
        "text": "数据字典",
        "i18n": "menu.nav.system.systems.data-dictionary",
        "link": "/systems/data-dictionary",
        "acl": "Root.Admin.Systems.KeyValues"
      }, {
        "text": "模块包",
        "i18n": "menu.nav.system.systems.pack",
        "link": "/systems/pack",
        "acl": "Root.Admin.Systems.Pack"
      }]
    }]
  }]
}
